case,group,dtype,engine,threads,m,n,k,macs,seconds,spread,gflops,regular_a,regular_b,notes
ikb_knb_inb_n2_b16,ikb_knb_inb,f64,plan,4,32,2,2,128,0.000000470,0.0447,0.5447,0.0000,0.0000,faer rel_err=8.58e-17
ikb_knb_inb_n2_b16,ikb_knb_inb,f64,packed,4,32,2,2,128,0.000001894,0.0053,0.1352,0.0000,0.0000,avx512.f64.real.24x8 24x8 AB 264x256x1536 policy=auto align=false rel_err=8.58e-17
ikb_knb_inb_n2_b16,ikb_knb_inb,f64,tblis,4,32,2,2,128,0.000017983,0.5477,0.0142,0.0000,0.0000,rel_err=8.58e-17
ikb_knb_inb_n4_b16,ikb_knb_inb,f64,plan,4,64,4,4,1024,0.000000641,0.0156,3.1950,0.0000,0.0000,faer rel_err=2.51e-16
ikb_knb_inb_n4_b16,ikb_knb_inb,f64,packed,4,64,4,4,1024,0.000002465,0.0158,0.8308,0.0000,0.0000,avx512.f64.real.24x8 24x8 AB 264x256x1536 policy=auto align=false rel_err=2.51e-16
ikb_knb_inb_n4_b16,ikb_knb_inb,f64,tblis,4,64,4,4,1024,0.000041327,0.0473,0.0496,0.0000,0.0000,rel_err=2.51e-16
ikb_knb_inb_n8_b16,ikb_knb_inb,f64,plan,4,128,8,8,8192,0.000000901,0.0111,18.1842,0.0000,0.0000,faer rel_err=1.91e-16
ikb_knb_inb_n8_b16,ikb_knb_inb,f64,packed,4,128,8,8,8192,0.000003968,0.0151,4.1290,0.0000,0.0000,avx512.f64.real.24x8 24x8 AB 264x256x1536 policy=auto align=false rel_err=1.91e-16
ikb_knb_inb_n8_b16,ikb_knb_inb,f64,tblis,4,128,8,8,8192,0.000101610,0.0381,0.1612,0.0000,0.0000,rel_err=1.91e-16
ikb_knb_inb_n16_b16,ikb_knb_inb,f64,plan,4,256,16,16,65536,0.000003747,0.0027,34.9805,0.0000,0.0000,faer rel_err=1.89e-16
ikb_knb_inb_n16_b16,ikb_knb_inb,f64,packed,4,256,16,16,65536,0.000009358,0.0107,14.0064,0.0000,0.0000,avx512.f64.real.24x8 24x8 AB 264x256x1536 policy=auto align=false rel_err=1.89e-16
ikb_knb_inb_n16_b16,ikb_knb_inb,f64,tblis,4,256,16,16,65536,0.000130484,0.1027,1.0045,0.0000,0.0000,rel_err=1.89e-16
ikb_knb_inb_n2_b64,ikb_knb_inb,f64,plan,4,128,2,2,512,0.000001333,0.0075,0.7682,0.0000,0.0000,faer rel_err=1.82e-16
ikb_knb_inb_n2_b64,ikb_knb_inb,f64,packed,4,128,2,2,512,0.000006572,0.0062,0.1558,0.0000,0.0000,avx512.f64.real.24x8 24x8 AB 264x256x1536 policy=auto align=false rel_err=1.82e-16
ikb_knb_inb_n2_b64,ikb_knb_inb,f64,tblis,4,128,2,2,512,0.000060633,0.4073,0.0169,0.0000,0.0000,rel_err=1.82e-16
ikb_knb_inb_n4_b64,ikb_knb_inb,f64,plan,4,256,4,4,4096,0.000001993,0.0055,4.1104,0.0000,0.0000,faer rel_err=2.26e-16
ikb_knb_inb_n4_b64,ikb_knb_inb,f64,packed,4,256,4,4,4096,0.000008687,0.0068,0.9430,0.0000,0.0000,avx512.f64.real.24x8 24x8 AB 264x256x1536 policy=auto align=false rel_err=2.26e-16
ikb_knb_inb_n4_b64,ikb_knb_inb,f64,tblis,4,256,4,4,4096,0.000062256,0.0399,0.1316,0.0000,0.0000,rel_err=2.26e-16
ikb_knb_inb_n8_b64,ikb_knb_inb,f64,plan,4,512,8,8,32768,0.000002975,0.0037,22.0289,0.0000,0.0000,faer rel_err=2.69e-16
ikb_knb_inb_n8_b64,ikb_knb_inb,f64,packed,4,512,8,8,32768,0.000013976,0.1935,4.6892,0.0000,0.0000,avx512.f64.real.24x8 24x8 AB 264x256x1536 policy=auto align=false rel_err=2.69e-16
ikb_knb_inb_n8_b64,ikb_knb_inb,f64,tblis,4,512,8,8,32768,0.000158226,0.0323,0.4142,0.0000,0.0000,rel_err=2.69e-16
ikb_knb_inb_n16_b64,ikb_knb_inb,f64,plan,4,1024,16,16,262144,0.000014146,0.0014,37.0626,0.0000,0.0000,faer rel_err=3.43e-16
ikb_knb_inb_n16_b64,ikb_knb_inb,f64,packed,4,1024,16,16,262144,0.000035136,0.0077,14.9217,0.0000,0.0000,avx512.f64.real.24x8 24x8 AB 264x256x1536 policy=auto align=false rel_err=3.43e-16
ikb_knb_inb_n16_b64,ikb_knb_inb,f64,tblis,4,1024,16,16,262144,0.000540920,0.0563,0.9693,0.0000,0.0000,rel_err=3.43e-16
ikb_knb_inb_n2_b256,ikb_knb_inb,f64,plan,4,512,2,2,2048,0.000004809,0.0166,0.8517,0.0000,0.0000,faer rel_err=1.51e-16
ikb_knb_inb_n2_b256,ikb_knb_inb,f64,packed,4,512,2,2,2048,0.000022842,0.0022,0.1793,0.0000,0.0000,avx512.f64.real.24x8 24x8 AB 264x256x1536 policy=auto align=false rel_err=1.51e-16
ikb_knb_inb_n2_b256,ikb_knb_inb,f64,tblis,4,512,2,2,2048,0.000238795,0.4898,0.0172,0.0000,0.0000,rel_err=1.51e-16
ikb_knb_inb_n4_b256,ikb_knb_inb,f64,plan,4,1024,4,4,16384,0.000007284,0.0082,4.4986,0.0000,0.0000,faer rel_err=1.73e-16
ikb_knb_inb_n4_b256,ikb_knb_inb,f64,packed,4,1024,4,4,16384,0.000032641,0.0816,1.0039,0.0000,0.0000,avx512.f64.real.24x8 24x8 AB 264x256x1536 policy=auto align=false rel_err=1.73e-16
ikb_knb_inb_n4_b256,ikb_knb_inb,f64,tblis,4,1024,4,4,16384,0.000236272,0.0605,0.1387,0.0000,0.0000,rel_err=1.73e-16
ikb_knb_inb_n8_b256,ikb_knb_inb,f64,plan,4,2048,8,8,131072,0.000011171,0.0018,23.4665,0.0000,0.0000,faer rel_err=2.14e-16
ikb_knb_inb_n8_b256,ikb_knb_inb,f64,packed,4,2048,8,8,131072,0.000054401,0.0645,4.8187,0.0000,0.0000,avx512.f64.real.24x8 24x8 AB 264x256x1536 policy=auto align=false rel_err=2.14e-16
ikb_knb_inb_n8_b256,ikb_knb_inb,f64,tblis,4,2048,8,8,131072,0.000247923,0.0265,1.0574,0.0000,0.0000,rel_err=2.14e-16
ikb_knb_inb_n16_b256,ikb_knb_inb,f64,plan,4,4096,16,16,1048576,0.000018184,0.0408,115.3295,0.0000,0.0000,faer rel_err=2.38e-16
ikb_knb_inb_n16_b256,ikb_knb_inb,f64,packed,4,4096,16,16,1048576,0.000039504,0.0139,53.0871,0.0000,0.0000,avx512.f64.real.24x8 24x8 AB 264x256x1536 policy=auto align=false rel_err=2.38e-16
ikb_knb_inb_n16_b256,ikb_knb_inb,f64,tblis,4,4096,16,16,1048576,0.000718803,0.0205,2.9176,0.0000,0.0000,rel_err=2.38e-16
ijk_jkl_il_8x16x8,ijk_jkl_il,f64,plan,4,8,8,128,8192,0.000000561,0.0178,29.2050,0.0000,0.0000,faer rel_err=4.06e-16
ijk_jkl_il_8x16x8,ijk_jkl_il,f64,packed,4,8,8,128,8192,0.000003086,0.0130,5.3091,0.0000,0.0000,avx512.f64.real.24x8 24x8 AB 264x256x1536 policy=auto align=false rel_err=4.06e-16
ijk_jkl_il_8x16x8,ijk_jkl_il,f64,tblis,4,8,8,128,8192,0.000011872,0.0456,1.3801,0.0000,0.0000,rel_err=4.06e-16
ij_jk_ik_c64_n32,ij_jk_ik,c64,plan,4,32,32,32,32768,0.000005480,0.0020,47.8365,0.0000,0.0000,faer rel_err=5.44e-16
ij_jk_ik_c64_n32,ij_jk_ik,c64,packed,4,32,32,32,32768,0.000007995,0.0050,32.7885,0.0000,0.0000,avx512.c64.planar.16x6 16x6 AB 128x256x768 policy=auto align=false rel_err=5.44e-16
ij_jk_ik_c64_n32,ij_jk_ik,c64,tblis,4,32,32,32,32768,0.000014848,0.1491,17.6552,0.0000,0.0000,rel_err=5.45e-16
ij_jk_ik_f64_n64,ij_jk_ik,f64,plan,4,64,64,64,262144,0.000010419,0.0011,50.3204,0.0000,0.0000,faer rel_err=2.36e-16
ij_jk_ik_f64_n64,ij_jk_ik,f64,packed,4,64,64,64,262144,0.000014828,0.0067,35.3580,0.0000,0.0000,avx512.f64.real.24x8 24x8 AB 264x256x1536 policy=auto align=false rel_err=2.36e-16
ij_jk_ik_f64_n64,ij_jk_ik,f64,tblis,4,64,64,64,262144,0.000020779,0.0993,25.2316,0.0000,0.0000,rel_err=2.36e-16
ij_jk_kl_il_n64,ij_jk_kl_il,f64,plan,4,64,64,64,524288,0.000020819,0.0010,50.3663,0.0000,0.0000,faer rel_err=5.71e-16 steps=2 m/n/k=final-step per-step MxNxK=64x64x64x2
ij_jk_kl_il_n64,ij_jk_kl_il,f64,packed,4,64,64,64,524288,0.000029655,0.0024,35.3592,0.0000,0.0000,avx512.f64.real.24x8 24x8 AB 264x256x1536 policy=auto align=false rel_err=5.71e-16 steps=2 m/n/k=final-step per-step MxNxK=64x64x64x2
ij_jk_kl_il_n64,ij_jk_kl_il,f64,tblis,4,64,64,64,524288,0.000039724,0.0545,26.3965,0.0000,0.0000,rel_err=5.71e-16 steps=2 m/n/k=final-step per-step MxNxK=64x64x64x2
mps_chain_L32_chi4,mps_chain,c64,plan,4,4,4,8,8192,0.000022442,0.0317,2.9202,0.0000,0.0000,faer rel_err=2.16e-15 steps=64 m/n/k=final-step per-step MxNxK=4x8x4x32;4x4x8x32
mps_chain_L32_chi4,mps_chain,c64,packed,4,4,4,8,8192,0.000045144,0.0025,1.4517,0.0000,0.0000,avx512.c64.planar.16x6 16x6 AB 128x256x768 policy=auto align=false rel_err=1.63e-15 steps=64 m/n/k=final-step per-step MxNxK=4x8x4x32;4x4x8x32
mps_chain_L32_chi4,mps_chain,c64,tblis,4,4,4,8,8192,0.000578330,0.0075,0.1133,0.0000,0.0000,rel_err=1.53e-15 steps=64 m/n/k=final-step per-step MxNxK=4x8x4x32;4x4x8x32
mps_chain_L32_chi8,mps_chain,c64,plan,4,8,8,16,65536,0.000039183,0.0095,13.3805,0.0000,0.0000,faer rel_err=1.19e-15 steps=64 m/n/k=final-step per-step MxNxK=8x16x8x32;8x8x16x32
mps_chain_L32_chi8,mps_chain,c64,packed,4,8,8,16,65536,0.000070782,0.0103,7.4071,0.0000,0.0000,avx512.c64.planar.16x6 16x6 BA 128x256x768 policy=auto align=false | avx512.c64.planar.16x6 16x6 AB 128x256x768 policy=auto align=false rel_err=1.37e-15 steps=64 m/n/k=final-step per-step MxNxK=8x16x8x32;8x8x16x32
mps_chain_L32_chi8,mps_chain,c64,tblis,4,8,8,16,65536,0.000757535,0.0338,0.6921,0.0000,0.0000,rel_err=1.40e-15 steps=64 m/n/k=final-step per-step MxNxK=8x16x8x32;8x8x16x32
mps_chain_L32_chi16,mps_chain,c64,plan,4,16,16,32,524288,0.000103854,0.0029,40.3865,0.0000,0.0000,faer rel_err=2.63e-15 steps=64 m/n/k=final-step per-step MxNxK=16x32x16x32;16x16x32x32
mps_chain_L32_chi16,mps_chain,c64,packed,4,16,16,32,524288,0.000180857,0.0207,23.1913,0.0000,0.0000,avx512.c64.planar.16x6 16x6 AB 128x256x768 policy=auto align=false rel_err=2.66e-15 steps=64 m/n/k=final-step per-step MxNxK=16x32x16x32;16x16x32x32
mps_chain_L32_chi16,mps_chain,c64,tblis,4,16,16,32,524288,0.000773945,0.0138,5.4194,0.0000,0.0000,rel_err=1.70e-15 steps=64 m/n/k=final-step per-step MxNxK=16x32x16x32;16x16x32x32
mps_chain_L32_chi32,mps_chain,c64,plan,4,32,32,64,4194304,0.000698014,0.0036,48.0713,0.0000,0.0000,faer rel_err=3.21e-15 steps=64 m/n/k=final-step per-step MxNxK=32x64x32x32;32x32x64x32
mps_chain_L32_chi32,mps_chain,c64,packed,4,32,32,64,4194304,0.000948211,0.0023,35.3871,0.0000,0.0000,avx512.c64.planar.16x6 16x6 AB 128x256x768 policy=auto align=false rel_err=3.28e-15 steps=64 m/n/k=final-step per-step MxNxK=32x64x32x32;32x32x64x32
mps_chain_L32_chi32,mps_chain,c64,tblis,4,32,32,64,4194304,0.001088672,0.0349,30.8214,0.0000,0.0000,rel_err=3.55e-15 steps=64 m/n/k=final-step per-step MxNxK=32x64x32x32;32x32x64x32
mps_chain_L32_chi64,mps_chain,c64,plan,4,64,64,128,33554432,0.002586580,0.0796,103.7801,0.0000,0.0000,avx512.c64.planar.16x6 16x6 AB 128x256x768 policy=auto align=false rel_err=4.41e-15 steps=64 m/n/k=final-step per-step MxNxK=64x128x64x32;64x64x128x32
mps_chain_L32_chi64,mps_chain,c64,packed,4,64,64,128,33554432,0.002607147,0.0484,102.9614,0.0000,0.0000,avx512.c64.planar.16x6 16x6 AB 128x256x768 policy=auto align=false rel_err=4.41e-15 steps=64 m/n/k=final-step per-step MxNxK=64x128x64x32;64x64x128x32
mps_chain_L32_chi64,mps_chain,c64,tblis,4,64,64,128,33554432,0.003685652,0.0121,72.8326,0.0000,0.0000,rel_err=4.10e-15 steps=64 m/n/k=final-step per-step MxNxK=64x128x64x32;64x64x128x32
