case,group,dtype,engine,threads,m,n,k,macs,seconds,gflops,regular_a,regular_b,notes
ij-ik-kj,ccsd,f64,plan,4,1464,1448,1464,3103492608,0.043020723,144.2790,0.0000,0.0000,faer
ij-ik-kj,ccsd,f64,packed,4,1464,1448,1464,3103492608,0.047956514,129.4294,1.0000,1.0000,avx512.f64.real.24x8 24x8 AB 264x256x1536
ij-ik-kj,ccsd,f64,upstream,4,1464,1448,1464,3103492608,0.035889983,172.9448,1.0000,1.0000,
ij-ik-kj,ccsd,f64,tblis,4,1464,1448,1464,3103492608,0.035691892,173.9046,1.0000,1.0000,
ij-ik-kj,ccsd,c64,plan,4,1464,1448,1464,3103492608,0.128893590,192.6235,1.0000,1.0000,avx512.c64.planar.16x6 16x6 AB 128x256x768
ij-ik-kj,ccsd,c64,packed,4,1464,1448,1464,3103492608,0.128706446,192.9036,1.0000,1.0000,avx512.c64.planar.16x6 16x6 AB 128x256x768
ij-ik-kj,ccsd,c64,upstream,4,1464,1448,1464,3103492608,0.131901332,188.2312,1.0000,1.0000,
ij-ik-kj,ccsd,c64,tblis,4,1464,1448,1464,3103492608,0.134262798,184.9205,1.0000,1.0000,
ij-ikl-ljk,ccsd,f64,plan,4,144,128,18432,339738624,0.006548313,103.7637,1.0000,1.0000,avx512.f64.real.24x8 24x8 AB 264x256x1536
ij-ikl-ljk,ccsd,f64,packed,4,144,128,18432,339738624,0.006390978,106.3182,1.0000,1.0000,avx512.f64.real.24x8 24x8 AB 264x256x1536
ij-ikl-ljk,ccsd,f64,upstream,4,144,128,18432,339738624,0.006786081,100.1281,1.0000,1.0000,
ij-ikl-ljk,ccsd,f64,tblis,4,144,128,18432,339738624,0.007582008,89.6171,1.0000,1.0000,
ij-ikl-ljk,ccsd,c64,plan,4,144,128,18432,339738624,0.023083926,117.7403,1.0000,1.0000,avx512.c64.planar.16x6 16x6 AB 128x256x768
ij-ikl-ljk,ccsd,c64,packed,4,144,128,18432,339738624,0.022893338,118.7205,1.0000,1.0000,avx512.c64.planar.16x6 16x6 AB 128x256x768
ij-ikl-ljk,ccsd,c64,upstream,4,144,128,18432,339738624,0.023138051,117.4649,1.0000,1.0000,
ij-ikl-ljk,ccsd,c64,tblis,4,144,128,18432,339738624,0.023017405,118.0806,1.0000,1.0000,
ij-kil-lkj,ccsd,f64,plan,4,144,128,20736,382205952,0.007587067,100.7520,1.0000,1.0000,avx512.f64.real.24x8 24x8 AB 264x256x1536
ij-kil-lkj,ccsd,f64,packed,4,144,128,20736,382205952,0.007863170,97.2142,1.0000,1.0000,avx512.f64.real.24x8 24x8 AB 264x256x1536
ij-kil-lkj,ccsd,f64,upstream,4,144,128,20736,382205952,0.008015945,95.3614,1.0000,1.0000,
ij-kil-lkj,ccsd,f64,tblis,4,144,128,20736,382205952,0.009407722,81.2537,1.0000,1.0000,
ij-kil-lkj,ccsd,c64,plan,4,144,128,20736,382205952,0.026558330,115.1295,1.0000,1.0000,avx512.c64.planar.16x6 16x6 AB 128x256x768
ij-kil-lkj,ccsd,c64,packed,4,144,128,20736,382205952,0.026604059,114.9316,1.0000,1.0000,avx512.c64.planar.16x6 16x6 AB 128x256x768
ij-kil-lkj,ccsd,c64,upstream,4,144,128,20736,382205952,0.027089697,112.8712,1.0000,1.0000,
ij-kil-lkj,ccsd,c64,tblis,4,144,128,20736,382205952,0.027935690,109.4531,1.0000,1.0000,
ijk-ikl-lj,ccsd,f64,plan,4,18432,128,144,339738624,0.004253972,159.7277,1.0000,1.0000,avx512.f64.real.24x8 24x8 AB 264x256x1536
ijk-ikl-lj,ccsd,f64,packed,4,18432,128,144,339738624,0.004191130,162.1227,1.0000,1.0000,avx512.f64.real.24x8 24x8 AB 264x256x1536
ijk-ikl-lj,ccsd,f64,upstream,4,18432,128,144,339738624,0.004462865,152.2514,1.0000,1.0000,
ijk-ikl-lj,ccsd,f64,tblis,4,18432,128,144,339738624,0.006332214,107.3048,1.0000,1.0000,
ijk-ikl-lj,ccsd,c64,plan,4,18432,128,144,339738624,0.015338139,177.1994,1.0000,1.0000,avx512.c64.planar.16x6 16x6 AB 128x256x768
ijk-ikl-lj,ccsd,c64,packed,4,18432,128,144,339738624,0.015290777,177.7483,1.0000,1.0000,avx512.c64.planar.16x6 16x6 AB 128x256x768
ijk-ikl-lj,ccsd,c64,upstream,4,18432,128,144,339738624,0.015304193,177.5924,1.0000,1.0000,
ijk-ikl-lj,ccsd,c64,tblis,4,18432,128,144,339738624,0.020056617,135.5118,1.0000,1.0000,
ijk-il-jlk,ccsd,f64,plan,4,144,18432,128,339738624,0.005823491,116.6787,1.0000,1.0000,avx512.f64.real.24x8 24x8 AB 264x256x1536
ijk-il-jlk,ccsd,f64,packed,4,144,18432,128,339738624,0.005738327,118.4103,1.0000,1.0000,avx512.f64.real.24x8 24x8 AB 264x256x1536
ijk-il-jlk,ccsd,f64,upstream,4,144,18432,128,339738624,0.006435313,105.5857,1.0000,1.0000,
ijk-il-jlk,ccsd,f64,tblis,4,144,18432,128,339738624,0.004818091,141.0262,1.0000,1.0000,
ijk-il-jlk,ccsd,c64,plan,4,144,18432,128,339738624,0.019757729,137.5618,1.0000,1.0000,avx512.c64.planar.16x6 16x6 AB 128x256x768
ijk-il-jlk,ccsd,c64,packed,4,144,18432,128,339738624,0.019873471,136.7607,1.0000,1.0000,avx512.c64.planar.16x6 16x6 AB 128x256x768
ijk-il-jlk,ccsd,c64,upstream,4,144,18432,128,339738624,0.020006649,135.8503,1.0000,1.0000,
ijk-il-jlk,ccsd,c64,tblis,4,144,18432,128,339738624,0.016190011,167.8757,1.0000,1.0000,
ijk-ilk-jl,ccsd,f64,plan,4,18432,144,128,339738624,0.004048835,167.8204,1.0000,1.0000,avx512.f64.real.24x8 24x8 AB 264x256x1536
ijk-ilk-jl,ccsd,f64,packed,4,18432,144,128,339738624,0.004030459,168.5856,1.0000,1.0000,avx512.f64.real.24x8 24x8 AB 264x256x1536
ijk-ilk-jl,ccsd,f64,upstream,4,18432,144,128,339738624,0.004138709,164.1761,1.0000,1.0000,
ijk-ilk-jl,ccsd,f64,tblis,4,18432,144,128,339738624,0.005379343,126.3123,1.0000,1.0000,
ijk-ilk-jl,ccsd,c64,plan,4,18432,144,128,339738624,0.014919248,182.1747,1.0000,1.0000,avx512.c64.planar.16x6 16x6 AB 128x256x768
ijk-ilk-jl,ccsd,c64,packed,4,18432,144,128,339738624,0.014582919,186.3762,1.0000,1.0000,avx512.c64.planar.16x6 16x6 AB 128x256x768
ijk-ilk-jl,ccsd,c64,upstream,4,18432,144,128,339738624,0.014739151,184.4006,1.0000,1.0000,
ijk-ilk-jl,ccsd,c64,tblis,4,18432,144,128,339738624,0.018529926,146.6767,1.0000,1.0000,
ijk-ilk-lj,ccsd,f64,plan,4,18432,128,144,339738624,0.004387008,154.8840,1.0000,1.0000,avx512.f64.real.24x8 24x8 AB 264x256x1536
ijk-ilk-lj,ccsd,f64,packed,4,18432,128,144,339738624,0.004005762,169.6250,1.0000,1.0000,avx512.f64.real.24x8 24x8 AB 264x256x1536
ijk-ilk-lj,ccsd,f64,upstream,4,18432,128,144,339738624,0.004203323,161.6524,1.0000,1.0000,
ijk-ilk-lj,ccsd,f64,tblis,4,18432,128,144,339738624,0.005738596,118.4048,1.0000,1.0000,
ijk-ilk-lj,ccsd,c64,plan,4,18432,128,144,339738624,0.015045551,180.6454,1.0000,1.0000,avx512.c64.planar.16x6 16x6 AB 128x256x768
ijk-ilk-lj,ccsd,c64,packed,4,18432,128,144,339738624,0.015034049,180.7836,1.0000,1.0000,avx512.c64.planar.16x6 16x6 AB 128x256x768
ijk-ilk-lj,ccsd,c64,upstream,4,18432,128,144,339738624,0.015268711,178.0051,1.0000,1.0000,
ijk-ilk-lj,ccsd,c64,tblis,4,18432,128,144,339738624,0.018928927,143.5849,1.0000,1.0000,
ijk-ilmk-mjl,ccsd,f64,plan,4,1920,40,1920,147456000,0.002375516,124.1465,1.0000,1.0000,avx512.f64.real.24x8 24x8 AB 264x256x1536
ijk-ilmk-mjl,ccsd,f64,packed,4,1920,40,1920,147456000,0.002314748,127.4057,1.0000,1.0000,avx512.f64.real.24x8 24x8 AB 264x256x1536
ijk-ilmk-mjl,ccsd,f64,upstream,4,1920,40,1920,147456000,0.002227559,132.3925,1.0000,1.0000,
ijk-ilmk-mjl,ccsd,f64,tblis,4,1920,40,1920,147456000,0.003525565,83.6496,1.0000,1.0000,
ijk-ilmk-mjl,ccsd,c64,plan,4,1920,40,1920,147456000,0.008014489,147.1894,1.0000,1.0000,avx512.c64.planar.16x6 16x6 AB 128x256x768
ijk-ilmk-mjl,ccsd,c64,packed,4,1920,40,1920,147456000,0.008395385,140.5115,1.0000,1.0000,avx512.c64.planar.16x6 16x6 AB 128x256x768
ijk-ilmk-mjl,ccsd,c64,upstream,4,1920,40,1920,147456000,0.008241809,143.1297,1.0000,1.0000,
ijk-ilmk-mjl,ccsd,c64,tblis,4,1920,40,1920,147456000,0.010836866,108.8551,1.0000,1.0000,
ijkl-imjn-lnkm,ccsd,f64,plan,4,1920,1920,1600,5898240000,0.067480002,174.8145,1.0000,1.0000,avx512.f64.real.24x8 24x8 AB 264x256x1536
ijkl-imjn-lnkm,ccsd,f64,packed,4,1920,1920,1600,5898240000,0.067185965,175.5795,1.0000,1.0000,avx512.f64.real.24x8 24x8 AB 264x256x1536
ijkl-imjn-lnkm,ccsd,f64,upstream,4,1920,1920,1600,5898240000,0.067562986,174.5997,1.0000,1.0000,
ijkl-imjn-lnkm,ccsd,f64,tblis,4,1920,1920,1600,5898240000,0.065966816,178.8245,1.0000,1.0000,
ijkl-imjn-lnkm,ccsd,c64,plan,4,1920,1920,1600,5898240000,0.250267344,188.5421,1.0000,0.9000,avx512.c64.planar.16x6 16x6 AB 128x256x768
ijkl-imjn-lnkm,ccsd,c64,packed,4,1920,1920,1600,5898240000,0.249475812,189.1403,1.0000,0.9000,avx512.c64.planar.16x6 16x6 AB 128x256x768
ijkl-imjn-lnkm,ccsd,c64,upstream,4,1920,1920,1600,5898240000,0.256877727,183.6902,1.0000,0.9000,
ijkl-imjn-lnkm,ccsd,c64,tblis,4,1920,1920,1600,5898240000,0.261836764,180.2112,1.0000,0.9000,
ijkl-imjn-nlmk,ccsd,f64,plan,4,1920,1600,1920,5898240000,0.066178298,178.2530,1.0000,1.0000,avx512.f64.real.24x8 24x8 AB 264x256x1536
ijkl-imjn-nlmk,ccsd,f64,packed,4,1920,1600,1920,5898240000,0.066232443,178.1073,1.0000,1.0000,avx512.f64.real.24x8 24x8 AB 264x256x1536
ijkl-imjn-nlmk,ccsd,f64,upstream,4,1920,1600,1920,5898240000,0.066414938,177.6179,1.0000,1.0000,
ijkl-imjn-nlmk,ccsd,f64,tblis,4,1920,1600,1920,5898240000,0.068132561,173.1401,1.0000,1.0000,
ijkl-imjn-nlmk,ccsd,c64,plan,4,1920,1600,1920,5898240000,0.248821277,189.6378,1.0000,0.9026,avx512.c64.planar.16x6 16x6 AB 128x256x768
ijkl-imjn-nlmk,ccsd,c64,packed,4,1920,1600,1920,5898240000,0.248912323,189.5684,1.0000,0.9026,avx512.c64.planar.16x6 16x6 AB 128x256x768
ijkl-imjn-nlmk,ccsd,c64,upstream,4,1920,1600,1920,5898240000,0.254626721,185.3141,1.0000,0.9026,
ijkl-imjn-nlmk,ccsd,c64,tblis,4,1920,1600,1920,5898240000,0.262639019,179.6607,1.0000,0.9026,
ijkl-imkn-jnlm,ccsd,f64,plan,4,1920,1920,1600,5898240000,0.065198055,180.9330,1.0000,1.0000,avx512.f64.real.24x8 24x8 AB 264x256x1536
ijkl-imkn-jnlm,ccsd,f64,packed,4,1920,1920,1600,5898240000,0.065129583,181.1232,1.0000,1.0000,avx512.f64.real.24x8 24x8 AB 264x256x1536
ijkl-imkn-jnlm,ccsd,f64,upstream,4,1920,1920,1600,5898240000,0.067385127,175.0606,1.0000,1.0000,
ijkl-imkn-jnlm,ccsd,f64,tblis,4,1920,1920,1600,5898240000,0.065643969,179.7039,1.0000,1.0000,
ijkl-imkn-jnlm,ccsd,c64,plan,4,1920,1920,1600,5898240000,0.248053505,190.2248,1.0000,1.0000,avx512.c64.planar.16x6 16x6 AB 128x256x768
ijkl-imkn-jnlm,ccsd,c64,packed,4,1920,1920,1600,5898240000,0.248075101,190.2082,1.0000,1.0000,avx512.c64.planar.16x6 16x6 AB 128x256x768
ijkl-imkn-jnlm,ccsd,c64,upstream,4,1920,1920,1600,5898240000,0.250794764,188.1456,1.0000,1.0000,
ijkl-imkn-jnlm,ccsd,c64,tblis,4,1920,1920,1600,5898240000,0.263119372,179.3327,1.0000,1.0000,
ijkl-imkn-njml,ccsd,f64,plan,4,1920,1600,1920,5898240000,0.065568340,179.9112,1.0000,1.0000,avx512.f64.real.24x8 24x8 AB 264x256x1536
ijkl-imkn-njml,ccsd,f64,packed,4,1920,1600,1920,5898240000,0.065500268,180.0982,1.0000,1.0000,avx512.f64.real.24x8 24x8 AB 264x256x1536
ijkl-imkn-njml,ccsd,f64,upstream,4,1920,1600,1920,5898240000,0.067843008,173.8791,1.0000,1.0000,
ijkl-imkn-njml,ccsd,f64,tblis,4,1920,1600,1920,5898240000,0.067785547,174.0265,1.0000,1.0000,
ijkl-imkn-njml,ccsd,c64,plan,4,1920,1600,1920,5898240000,0.249247900,189.3132,1.0000,0.9026,avx512.c64.planar.16x6 16x6 AB 128x256x768
ijkl-imkn-njml,ccsd,c64,packed,4,1920,1600,1920,5898240000,0.249205584,189.3454,1.0000,0.9026,avx512.c64.planar.16x6 16x6 AB 128x256x768
ijkl-imkn-njml,ccsd,c64,upstream,4,1920,1600,1920,5898240000,0.252301961,187.0216,1.0000,0.9026,
ijkl-imkn-njml,ccsd,c64,tblis,4,1920,1600,1920,5898240000,0.263824611,178.8534,1.0000,0.9026,
ijkl-imln-jnkm,ccsd,f64,plan,4,1920,1920,1600,5898240000,0.064851007,181.9013,1.0000,1.0000,avx512.f64.real.24x8 24x8 AB 264x256x1536
ijkl-imln-jnkm,ccsd,f64,packed,4,1920,1920,1600,5898240000,0.064717590,182.2763,1.0000,1.0000,avx512.f64.real.24x8 24x8 AB 264x256x1536
ijkl-imln-jnkm,ccsd,f64,upstream,4,1920,1920,1600,5898240000,0.067201731,175.5383,1.0000,1.0000,
ijkl-imln-jnkm,ccsd,f64,tblis,4,1920,1920,1600,5898240000,0.066085169,178.5042,1.0000,1.0000,
ijkl-imln-jnkm,ccsd,c64,plan,4,1920,1920,1600,5898240000,0.247538938,190.6202,1.0000,1.0000,avx512.c64.planar.16x6 16x6 AB 128x256x768
ijkl-imln-jnkm,ccsd,c64,packed,4,1920,1920,1600,5898240000,0.247629887,190.5502,1.0000,1.0000,avx512.c64.planar.16x6 16x6 AB 128x256x768
ijkl-imln-jnkm,ccsd,c64,upstream,4,1920,1920,1600,5898240000,0.250875016,188.0854,1.0000,1.0000,
ijkl-imln-jnkm,ccsd,c64,tblis,4,1920,1920,1600,5898240000,0.263363537,179.1665,1.0000,1.0000,
ijkl-imln-njmk,ccsd,f64,plan,4,1920,1600,1920,5898240000,0.065192356,180.9488,1.0000,1.0000,avx512.f64.real.24x8 24x8 AB 264x256x1536
ijkl-imln-njmk,ccsd,f64,packed,4,1920,1600,1920,5898240000,0.065155185,181.0521,1.0000,1.0000,avx512.f64.real.24x8 24x8 AB 264x256x1536
ijkl-imln-njmk,ccsd,f64,upstream,4,1920,1600,1920,5898240000,0.067538175,174.6639,1.0000,1.0000,
ijkl-imln-njmk,ccsd,f64,tblis,4,1920,1600,1920,5898240000,0.067430030,174.9440,1.0000,1.0000,
ijkl-imln-njmk,ccsd,c64,plan,4,1920,1600,1920,5898240000,0.248707956,189.7242,1.0000,0.9026,avx512.c64.planar.16x6 16x6 AB 128x256x768
ijkl-imln-njmk,ccsd,c64,packed,4,1920,1600,1920,5898240000,0.248547143,189.8470,1.0000,0.9026,avx512.c64.planar.16x6 16x6 AB 128x256x768
ijkl-imln-njmk,ccsd,c64,upstream,4,1920,1600,1920,5898240000,0.253512730,186.1284,1.0000,0.9026,
ijkl-imln-njmk,ccsd,c64,tblis,4,1920,1600,1920,5898240000,0.261595548,180.3774,1.0000,0.9026,
ijkl-imnj-nlkm,ccsd,f64,plan,4,1920,1600,1920,5898240000,0.066523261,177.3286,1.0000,1.0000,avx512.f64.real.24x8 24x8 AB 264x256x1536
ijkl-imnj-nlkm,ccsd,f64,packed,4,1920,1600,1920,5898240000,0.066577956,177.1830,1.0000,1.0000,avx512.f64.real.24x8 24x8 AB 264x256x1536
ijkl-imnj-nlkm,ccsd,f64,upstream,4,1920,1600,1920,5898240000,0.067267749,175.3661,1.0000,1.0000,
ijkl-imnj-nlkm,ccsd,f64,tblis,4,1920,1600,1920,5898240000,0.067479857,174.8148,1.0000,1.0000,
ijkl-imnj-nlkm,ccsd,c64,plan,4,1920,1600,1920,5898240000,0.248411532,189.9506,1.0000,0.9026,avx512.c64.planar.16x6 16x6 AB 128x256x768
ijkl-imnj-nlkm,ccsd,c64,packed,4,1920,1600,1920,5898240000,0.248341295,190.0043,1.0000,0.9026,avx512.c64.planar.16x6 16x6 AB 128x256x768
ijkl-imnj-nlkm,ccsd,c64,upstream,4,1920,1600,1920,5898240000,0.254507872,185.4006,1.0000,0.9026,
ijkl-imnj-nlkm,ccsd,c64,tblis,4,1920,1600,1920,5898240000,0.262767966,179.5726,1.0000,0.9026,
ijkl-imnk-njml,ccsd,f64,plan,4,1920,1600,1920,5898240000,0.065188815,180.9587,1.0000,1.0000,avx512.f64.real.24x8 24x8 AB 264x256x1536
ijkl-imnk-njml,ccsd,f64,packed,4,1920,1600,1920,5898240000,0.065298145,180.6557,1.0000,1.0000,avx512.f64.real.24x8 24x8 AB 264x256x1536
ijkl-imnk-njml,ccsd,f64,upstream,4,1920,1600,1920,5898240000,0.067513626,174.7274,1.0000,1.0000,
ijkl-imnk-njml,ccsd,f64,tblis,4,1920,1600,1920,5898240000,0.067296034,175.2924,1.0000,1.0000,
ijkl-imnk-njml,ccsd,c64,plan,4,1920,1600,1920,5898240000,0.249048741,189.4646,1.0000,0.9026,avx512.c64.planar.16x6 16x6 AB 128x256x768
ijkl-imnk-njml,ccsd,c64,packed,4,1920,1600,1920,5898240000,0.249105167,189.4217,1.0000,0.9026,avx512.c64.planar.16x6 16x6 AB 128x256x768
ijkl-imnk-njml,ccsd,c64,upstream,4,1920,1600,1920,5898240000,0.252461081,186.9037,1.0000,0.9026,
ijkl-imnk-njml,ccsd,c64,tblis,4,1920,1600,1920,5898240000,0.263272348,179.2285,1.0000,0.9026,
ijkl-minj-nlmk,ccsd,f64,plan,4,1920,1600,2304,7077888000,0.080742975,175.3190,1.0000,1.0000,avx512.f64.real.24x8 24x8 AB 264x256x1536
ijkl-minj-nlmk,ccsd,f64,packed,4,1920,1600,2304,7077888000,0.080865631,175.0531,1.0000,1.0000,avx512.f64.real.24x8 24x8 AB 264x256x1536
ijkl-minj-nlmk,ccsd,f64,upstream,4,1920,1600,2304,7077888000,0.081547927,173.5884,1.0000,1.0000,
ijkl-minj-nlmk,ccsd,f64,tblis,4,1920,1600,2304,7077888000,0.083809428,168.9043,1.0000,1.0000,
ijkl-minj-nlmk,ccsd,c64,plan,4,1920,1600,2304,7077888000,0.299650797,188.9636,1.0000,0.9026,avx512.c64.planar.16x6 16x6 AB 128x256x768
ijkl-minj-nlmk,ccsd,c64,packed,4,1920,1600,2304,7077888000,0.299568379,189.0156,1.0000,0.9026,avx512.c64.planar.16x6 16x6 AB 128x256x768
ijkl-minj-nlmk,ccsd,c64,upstream,4,1920,1600,2304,7077888000,0.305706560,185.2204,1.0000,0.9026,
ijkl-minj-nlmk,ccsd,c64,tblis,4,1920,1600,2304,7077888000,0.317828144,178.1564,1.0000,0.9026,
ijkl-mink-jnlm,ccsd,f64,plan,4,1920,1920,1920,7077888000,0.078271678,180.8544,1.0000,1.0000,avx512.f64.real.24x8 24x8 AB 264x256x1536
ijkl-mink-jnlm,ccsd,f64,packed,4,1920,1920,1920,7077888000,0.078336607,180.7045,1.0000,1.0000,avx512.f64.real.24x8 24x8 AB 264x256x1536
ijkl-mink-jnlm,ccsd,f64,upstream,4,1920,1920,1920,7077888000,0.081274457,174.1725,1.0000,1.0000,
ijkl-mink-jnlm,ccsd,f64,tblis,4,1920,1920,1920,7077888000,0.079584861,177.8702,1.0000,1.0000,
ijkl-mink-jnlm,ccsd,c64,plan,4,1920,1920,1920,7077888000,0.297939755,190.0488,1.0000,1.0000,avx512.c64.planar.16x6 16x6 AB 128x256x768
ijkl-mink-jnlm,ccsd,c64,packed,4,1920,1920,1920,7077888000,0.297965458,190.0324,1.0000,1.0000,avx512.c64.planar.16x6 16x6 AB 128x256x768
ijkl-mink-jnlm,ccsd,c64,upstream,4,1920,1920,1920,7077888000,0.302046548,187.4648,1.0000,1.0000,
ijkl-mink-jnlm,ccsd,c64,tblis,4,1920,1920,1920,7077888000,0.314519798,180.0303,1.0000,1.0000,
ijkl-minl-njmk,ccsd,f64,plan,4,1920,1600,2304,7077888000,0.079549148,177.9501,1.0000,1.0000,avx512.f64.real.24x8 24x8 AB 264x256x1536
ijkl-minl-njmk,ccsd,f64,packed,4,1920,1600,2304,7077888000,0.079707091,177.5974,1.0000,1.0000,avx512.f64.real.24x8 24x8 AB 264x256x1536
ijkl-minl-njmk,ccsd,f64,upstream,4,1920,1600,2304,7077888000,0.082319206,171.9620,1.0000,1.0000,
ijkl-minl-njmk,ccsd,f64,tblis,4,1920,1600,2304,7077888000,0.081750562,173.1581,1.0000,1.0000,
ijkl-minl-njmk,ccsd,c64,plan,4,1920,1600,2304,7077888000,0.299860604,188.8314,1.0000,0.9026,avx512.c64.planar.16x6 16x6 AB 128x256x768
ijkl-minl-njmk,ccsd,c64,packed,4,1920,1600,2304,7077888000,0.299428808,189.1037,1.0000,0.9026,avx512.c64.planar.16x6 16x6 AB 128x256x768
ijkl-minl-njmk,ccsd,c64,upstream,4,1920,1600,2304,7077888000,0.302701341,187.0593,1.0000,0.9026,
ijkl-minl-njmk,ccsd,c64,tblis,4,1920,1600,2304,7077888000,0.317599150,178.2848,1.0000,0.9026,
aqrs-pa-pqrs,ao2mo,f64,plan,4,48,64000,48,147456000,0.002288368,128.8744,0.0000,0.0000,faer
aqrs-pa-pqrs,ao2mo,f64,packed,4,48,64000,48,147456000,0.002743953,107.4771,1.0000,1.0000,avx512.f64.real.24x8 24x8 AB 264x256x1536
aqrs-pa-pqrs,ao2mo,f64,upstream,4,48,64000,48,147456000,0.003320170,88.8244,1.0000,1.0000,
aqrs-pa-pqrs,ao2mo,f64,tblis,4,48,64000,48,147456000,0.004792479,61.5364,1.0000,1.0000,
aqrs-pa-pqrs,ao2mo,c64,plan,4,48,64000,48,147456000,0.008082441,145.9519,1.0000,1.0000,avx512.c64.planar.16x6 16x6 AB 128x256x768
aqrs-pa-pqrs,ao2mo,c64,packed,4,48,64000,48,147456000,0.008477000,139.1587,1.0000,1.0000,avx512.c64.planar.16x6 16x6 AB 128x256x768
aqrs-pa-pqrs,ao2mo,c64,upstream,4,48,64000,48,147456000,0.008717652,135.3172,1.0000,1.0000,
aqrs-pa-pqrs,ao2mo,c64,tblis,4,48,64000,48,147456000,0.010397792,113.4518,1.0000,1.0000,
abrs-qb-aqrs,ao2mo,f64,plan,4,40,76800,48,147456000,0.002299669,128.2411,1.0000,1.0000,avx512.f64.real.24x8 24x8 BA 264x256x1536
abrs-qb-aqrs,ao2mo,f64,packed,4,40,76800,48,147456000,0.002224875,132.5522,1.0000,1.0000,avx512.f64.real.24x8 24x8 BA 264x256x1536
abrs-qb-aqrs,ao2mo,f64,upstream,4,40,76800,48,147456000,0.002339325,126.0671,1.0000,1.0000,
abrs-qb-aqrs,ao2mo,f64,tblis,4,40,76800,48,147456000,0.004344929,67.8750,1.0000,1.0000,
abrs-qb-aqrs,ao2mo,c64,plan,4,40,76800,48,147456000,0.008548757,137.9906,1.0000,1.0000,avx512.c64.planar.16x6 16x6 BA 128x256x768
abrs-qb-aqrs,ao2mo,c64,packed,4,40,76800,48,147456000,0.008990486,131.2107,1.0000,1.0000,avx512.c64.planar.16x6 16x6 BA 128x256x768
abrs-qb-aqrs,ao2mo,c64,upstream,4,40,76800,48,147456000,0.008475546,139.1825,1.0000,1.0000,
abrs-qb-aqrs,ao2mo,c64,tblis,4,40,76800,48,147456000,0.011774555,100.1862,1.0000,1.0000,
abcs-rc-abrs,ao2mo,f64,plan,4,40,76800,48,147456000,0.002741378,107.5780,1.0000,1.0000,avx512.f64.real.24x8 24x8 BA 264x256x1536
abcs-rc-abrs,ao2mo,f64,packed,4,40,76800,48,147456000,0.002628221,112.2097,1.0000,1.0000,avx512.f64.real.24x8 24x8 BA 264x256x1536
abcs-rc-abrs,ao2mo,f64,upstream,4,40,76800,48,147456000,0.002620476,112.5414,1.0000,1.0000,
abcs-rc-abrs,ao2mo,f64,tblis,4,40,76800,48,147456000,0.004721363,62.4633,1.0000,1.0000,
abcs-rc-abrs,ao2mo,c64,plan,4,40,76800,48,147456000,0.008412155,140.2314,1.0000,1.0000,avx512.c64.planar.16x6 16x6 BA 128x256x768
abcs-rc-abrs,ao2mo,c64,packed,4,40,76800,48,147456000,0.008329155,141.6288,1.0000,1.0000,avx512.c64.planar.16x6 16x6 BA 128x256x768
abcs-rc-abrs,ao2mo,c64,upstream,4,40,76800,48,147456000,0.007976127,147.8973,1.0000,1.0000,
abcs-rc-abrs,ao2mo,c64,tblis,4,40,76800,48,147456000,0.012316487,95.7780,1.0000,1.0000,
abj-bka-kj,intensli,f64,plan,4,20736,128,144,382205952,0.005662571,134.9938,1.0000,1.0000,avx512.f64.real.24x8 24x8 AB 264x256x1536
abj-bka-kj,intensli,f64,packed,4,20736,128,144,382205952,0.005610541,136.2457,1.0000,1.0000,avx512.f64.real.24x8 24x8 AB 264x256x1536
abj-bka-kj,intensli,f64,upstream,4,20736,128,144,382205952,0.005851122,130.6436,1.0000,1.0000,
abj-bka-kj,intensli,f64,tblis,4,20736,128,144,382205952,0.009087342,84.1183,1.0000,1.0000,
abj-bka-kj,intensli,c64,plan,4,20736,128,144,382205952,0.019073781,160.3063,1.0000,1.0000,avx512.c64.planar.16x6 16x6 AB 128x256x768
abj-bka-kj,intensli,c64,packed,4,20736,128,144,382205952,0.019038422,160.6040,1.0000,1.0000,avx512.c64.planar.16x6 16x6 AB 128x256x768
abj-bka-kj,intensli,c64,upstream,4,20736,128,144,382205952,0.019379227,157.7796,1.0000,1.0000,
abj-bka-kj,intensli,c64,tblis,4,20736,128,144,382205952,0.026621584,114.8560,1.0000,1.0000,
ajb-kba-jk,intensli,f64,plan,4,18432,144,144,382205952,0.004788031,159.6506,1.0000,1.0000,avx512.f64.real.24x8 24x8 AB 264x256x1536
ajb-kba-jk,intensli,f64,packed,4,18432,144,144,382205952,0.004734077,161.4701,1.0000,1.0000,avx512.f64.real.24x8 24x8 AB 264x256x1536
ajb-kba-jk,intensli,f64,upstream,4,18432,144,144,382205952,0.004979328,153.5171,1.0000,1.0000,
ajb-kba-jk,intensli,f64,tblis,4,18432,144,144,382205952,0.006037862,126.6031,1.0000,1.0000,
ajb-kba-jk,intensli,c64,plan,4,18432,144,144,382205952,0.016433206,186.0652,1.0000,1.0000,avx512.c64.planar.16x6 16x6 AB 128x256x768
ajb-kba-jk,intensli,c64,packed,4,18432,144,144,382205952,0.016463242,185.7257,1.0000,1.0000,avx512.c64.planar.16x6 16x6 AB 128x256x768
ajb-kba-jk,intensli,c64,upstream,4,18432,144,144,382205952,0.016586299,184.3478,1.0000,1.0000,
ajb-kba-jk,intensli,c64,tblis,4,18432,144,144,382205952,0.020020838,152.7233,1.0000,1.0000,
abjc-cbka-kj,intensli,f64,plan,4,92160,40,48,176947200,0.012875059,27.4868,1.0000,1.0000,avx512.f64.real.24x8 24x8 AB 264x256x1536
abjc-cbka-kj,intensli,f64,packed,4,92160,40,48,176947200,0.012597536,28.0924,1.0000,1.0000,avx512.f64.real.24x8 24x8 AB 264x256x1536
abjc-cbka-kj,intensli,f64,upstream,4,92160,40,48,176947200,0.013722918,25.7886,1.0000,1.0000,
abjc-cbka-kj,intensli,f64,tblis,4,92160,40,48,176947200,0.008756445,40.4153,1.0000,1.0000,
abjc-cbka-kj,intensli,c64,plan,4,92160,40,48,176947200,0.020468839,69.1577,1.0000,1.0000,avx512.c64.planar.16x6 16x6 AB 128x256x768
abjc-cbka-kj,intensli,c64,packed,4,92160,40,48,176947200,0.020344561,69.5801,1.0000,1.0000,avx512.c64.planar.16x6 16x6 AB 128x256x768
abjc-cbka-kj,intensli,c64,upstream,4,92160,40,48,176947200,0.020887541,67.7714,1.0000,1.0000,
abjc-cbka-kj,intensli,c64,tblis,4,92160,40,48,176947200,0.019052516,74.2987,1.0000,1.0000,
ajbc-ckba-jk,intensli,f64,plan,4,92160,48,40,176947200,0.007999940,44.2371,1.0000,1.0000,avx512.f64.real.24x8 24x8 AB 264x256x1536
ajbc-ckba-jk,intensli,f64,packed,4,92160,48,40,176947200,0.007985683,44.3161,1.0000,1.0000,avx512.f64.real.24x8 24x8 AB 264x256x1536
ajbc-ckba-jk,intensli,f64,upstream,4,92160,48,40,176947200,0.008676300,40.7886,1.0000,1.0000,
ajbc-ckba-jk,intensli,f64,tblis,4,92160,48,40,176947200,0.005649564,62.6410,1.0000,1.0000,
ajbc-ckba-jk,intensli,c64,plan,4,92160,48,40,176947200,0.013026017,108.6731,1.0000,1.0000,avx512.c64.planar.16x6 16x6 AB 128x256x768
ajbc-ckba-jk,intensli,c64,packed,4,92160,48,40,176947200,0.013166907,107.5103,1.0000,1.0000,avx512.c64.planar.16x6 16x6 AB 128x256x768
ajbc-ckba-jk,intensli,c64,upstream,4,92160,48,40,176947200,0.013517632,104.7208,1.0000,1.0000,
ajbc-ckba-jk,intensli,c64,tblis,4,92160,48,40,176947200,0.013683270,103.4532,1.0000,1.0000,
abjc-kbac-jk,intensli,f64,plan,4,76800,48,48,176947200,0.003754674,94.2544,1.0000,1.0000,avx512.f64.real.24x8 24x8 AB 264x256x1536
abjc-kbac-jk,intensli,f64,packed,4,76800,48,48,176947200,0.003404490,103.9493,1.0000,1.0000,avx512.f64.real.24x8 24x8 AB 264x256x1536
abjc-kbac-jk,intensli,f64,upstream,4,76800,48,48,176947200,0.003566542,99.2262,1.0000,1.0000,
abjc-kbac-jk,intensli,f64,tblis,4,76800,48,48,176947200,0.006451465,54.8549,1.0000,1.0000,
abjc-kbac-jk,intensli,c64,plan,4,76800,48,48,176947200,0.009963583,142.0752,1.0000,1.0000,avx512.c64.planar.16x6 16x6 AB 128x256x768
abjc-kbac-jk,intensli,c64,packed,4,76800,48,48,176947200,0.010034760,141.0674,1.0000,1.0000,avx512.c64.planar.16x6 16x6 AB 128x256x768
abjc-kbac-jk,intensli,c64,upstream,4,76800,48,48,176947200,0.010673527,132.6251,1.0000,1.0000,
abjc-kbac-jk,intensli,c64,tblis,4,76800,48,48,176947200,0.018265183,77.5014,1.0000,1.0000,
abjcd-dkbac-jk,intensli,f64,plan,4,230400,24,20,110592000,0.007126552,31.0366,1.0000,1.0000,avx512.f64.real.24x8 24x8 AB 264x256x1536
abjcd-dkbac-jk,intensli,f64,packed,4,230400,24,20,110592000,0.007124507,31.0455,1.0000,1.0000,avx512.f64.real.24x8 24x8 AB 264x256x1536
abjcd-dkbac-jk,intensli,f64,upstream,4,230400,24,20,110592000,0.007485742,29.5474,1.0000,1.0000,
abjcd-dkbac-jk,intensli,f64,tblis,4,230400,24,20,110592000,0.007359059,30.0560,1.0000,1.0000,
abjcd-dkbac-jk,intensli,c64,plan,4,230400,24,20,110592000,0.013409913,65.9763,0.6667,1.0000,avx512.c64.planar.16x6 16x6 AB 128x256x768
abjcd-dkbac-jk,intensli,c64,packed,4,230400,24,20,110592000,0.013346762,66.2884,0.6667,1.0000,avx512.c64.planar.16x6 16x6 AB 128x256x768
abjcd-dkbac-jk,intensli,c64,upstream,4,230400,24,20,110592000,0.013767700,64.2617,0.6667,1.0000,
abjcd-dkbac-jk,intensli,c64,tblis,4,230400,24,20,110592000,0.013891067,63.6910,0.6667,1.0000,
adbjc-cbdka-kj,intensli,f64,plan,4,230400,20,24,110592000,0.014469027,15.2867,1.0000,1.0000,avx512.f64.real.24x8 24x8 AB 264x256x1536
adbjc-cbdka-kj,intensli,f64,packed,4,230400,20,24,110592000,0.014788471,14.9565,1.0000,1.0000,avx512.f64.real.24x8 24x8 AB 264x256x1536
adbjc-cbdka-kj,intensli,f64,upstream,4,230400,20,24,110592000,0.015498515,14.2713,1.0000,1.0000,
adbjc-cbdka-kj,intensli,f64,tblis,4,230400,20,24,110592000,0.014751430,14.9941,1.0000,1.0000,
adbjc-cbdka-kj,intensli,c64,plan,4,230400,20,24,110592000,0.021125956,41.8791,0.6667,1.0000,avx512.c64.planar.16x6 16x6 AB 128x256x768
adbjc-cbdka-kj,intensli,c64,packed,4,230400,20,24,110592000,0.020931081,42.2690,0.6667,1.0000,avx512.c64.planar.16x6 16x6 AB 128x256x768
adbjc-cbdka-kj,intensli,c64,upstream,4,230400,20,24,110592000,0.020875484,42.3816,0.6667,1.0000,
adbjc-cbdka-kj,intensli,c64,tblis,4,230400,20,24,110592000,0.018655950,47.4238,0.6667,1.0000,
ajbdc-ckbad-jk,intensli,f64,plan,4,230400,24,20,110592000,0.007002612,31.5859,1.0000,1.0000,avx512.f64.real.24x8 24x8 AB 264x256x1536
ajbdc-ckbad-jk,intensli,f64,packed,4,230400,24,20,110592000,0.007015738,31.5268,1.0000,1.0000,avx512.f64.real.24x8 24x8 AB 264x256x1536
ajbdc-ckbad-jk,intensli,f64,upstream,4,230400,24,20,110592000,0.007657661,28.8840,1.0000,1.0000,
ajbdc-ckbad-jk,intensli,f64,tblis,4,230400,24,20,110592000,0.006829219,32.3879,1.0000,1.0000,
ajbdc-ckbad-jk,intensli,c64,plan,4,230400,24,20,110592000,0.012931443,68.4174,1.0000,1.0000,avx512.c64.planar.24x3 24x3 AB 144x256x768
ajbdc-ckbad-jk,intensli,c64,packed,4,230400,24,20,110592000,0.012809928,69.0664,1.0000,1.0000,avx512.c64.planar.24x3 24x3 AB 144x256x768
ajbdc-ckbad-jk,intensli,c64,upstream,4,230400,24,20,110592000,0.013377278,66.1372,1.0000,1.0000,
ajbdc-ckbad-jk,intensli,c64,tblis,4,230400,24,20,110592000,0.013230165,66.8726,1.0000,1.0000,
abcijk-ijma-mkbc,ccsd_t,f64,plan,4,6912,1728,24,286654464,0.004340788,132.0749,1.0000,1.0000,avx512.f64.real.24x8 24x8 AB 264x256x1536
abcijk-ijma-mkbc,ccsd_t,f64,packed,4,6912,1728,24,286654464,0.004276395,134.0636,1.0000,1.0000,avx512.f64.real.24x8 24x8 AB 264x256x1536
abcijk-ijma-mkbc,ccsd_t,f64,upstream,4,6912,1728,24,286654464,0.004762418,120.3819,1.0000,1.0000,
abcijk-ijma-mkbc,ccsd_t,f64,tblis,4,6912,1728,24,286654464,0.005222682,109.7729,1.0000,1.0000,
abcijk-ijma-mkbc,ccsd_t,c64,plan,4,6912,1728,24,286654464,0.013890614,165.0925,1.0000,1.0000,avx512.c64.planar.24x3 24x3 AB 144x256x768
abcijk-ijma-mkbc,ccsd_t,c64,packed,4,6912,1728,24,286654464,0.013895513,165.0343,1.0000,1.0000,avx512.c64.planar.24x3 24x3 AB 144x256x768
abcijk-ijma-mkbc,ccsd_t,c64,upstream,4,6912,1728,24,286654464,0.014196340,161.5371,1.0000,1.0000,
abcijk-ijma-mkbc,ccsd_t,c64,tblis,4,6912,1728,24,286654464,0.016015876,143.1852,1.0000,1.0000,
abcijk-ijmb-mkac,ccsd_t,f64,plan,4,3456,3456,24,286654464,0.004618742,124.1266,1.0000,0.6667,avx512.f64.real.24x8 24x8 BA 264x256x1536
abcijk-ijmb-mkac,ccsd_t,f64,packed,4,3456,3456,24,286654464,0.004606127,124.4666,1.0000,0.6667,avx512.f64.real.24x8 24x8 BA 264x256x1536
abcijk-ijmb-mkac,ccsd_t,f64,upstream,4,3456,3456,24,286654464,0.005029702,113.9847,1.0000,0.6667,
abcijk-ijmb-mkac,ccsd_t,f64,tblis,4,3456,3456,24,286654464,0.009193420,62.3608,1.0000,0.6667,
abcijk-ijmb-mkac,ccsd_t,c64,plan,4,3456,3456,24,286654464,0.013612448,168.4661,1.0000,1.0000,avx512.c64.planar.24x3 24x3 BA 144x256x768
abcijk-ijmb-mkac,ccsd_t,c64,packed,4,3456,3456,24,286654464,0.013651754,167.9810,1.0000,1.0000,avx512.c64.planar.24x3 24x3 BA 144x256x768
abcijk-ijmb-mkac,ccsd_t,c64,upstream,4,3456,3456,24,286654464,0.013965065,164.2123,1.0000,1.0000,
abcijk-ijmb-mkac,ccsd_t,c64,tblis,4,3456,3456,24,286654464,0.021401630,107.1524,1.0000,1.0000,
abcijk-ijmc-mkab,ccsd_t,f64,plan,4,3456,3456,24,286654464,0.004975327,115.2304,1.0000,0.6667,avx512.f64.real.24x8 24x8 BA 264x256x1536
abcijk-ijmc-mkab,ccsd_t,f64,packed,4,3456,3456,24,286654464,0.004956591,115.6660,1.0000,0.6667,avx512.f64.real.24x8 24x8 BA 264x256x1536
abcijk-ijmc-mkab,ccsd_t,f64,upstream,4,3456,3456,24,286654464,0.004900022,117.0013,1.0000,0.6667,
abcijk-ijmc-mkab,ccsd_t,f64,tblis,4,3456,3456,24,286654464,0.006843004,83.7803,1.0000,0.6667,
abcijk-ijmc-mkab,ccsd_t,c64,plan,4,3456,3456,24,286654464,0.013907804,164.8884,1.0000,1.0000,avx512.c64.planar.16x6 16x6 BA 128x256x768
abcijk-ijmc-mkab,ccsd_t,c64,packed,4,3456,3456,24,286654464,0.013988950,163.9319,1.0000,1.0000,avx512.c64.planar.16x6 16x6 BA 128x256x768
abcijk-ijmc-mkab,ccsd_t,c64,upstream,4,3456,3456,24,286654464,0.014326559,160.0688,1.0000,1.0000,
abcijk-ijmc-mkab,ccsd_t,c64,tblis,4,3456,3456,24,286654464,0.016319697,140.5195,1.0000,1.0000,
abcijk-ikma-mjbc,ccsd_t,f64,plan,4,6912,1728,24,286654464,0.004364133,131.3683,1.0000,1.0000,avx512.f64.real.24x8 24x8 AB 264x256x1536
abcijk-ikma-mjbc,ccsd_t,f64,packed,4,6912,1728,24,286654464,0.004190790,136.8021,1.0000,1.0000,avx512.f64.real.24x8 24x8 AB 264x256x1536
abcijk-ikma-mjbc,ccsd_t,f64,upstream,4,6912,1728,24,286654464,0.004785051,119.8125,1.0000,1.0000,
abcijk-ikma-mjbc,ccsd_t,f64,tblis,4,6912,1728,24,286654464,0.005200979,110.2310,1.0000,1.0000,
abcijk-ikma-mjbc,ccsd_t,c64,plan,4,6912,1728,24,286654464,0.013923764,164.6994,1.0000,1.0000,avx512.c64.planar.24x3 24x3 AB 144x256x768
abcijk-ikma-mjbc,ccsd_t,c64,packed,4,6912,1728,24,286654464,0.013918384,164.7631,1.0000,1.0000,avx512.c64.planar.24x3 24x3 AB 144x256x768
abcijk-ikma-mjbc,ccsd_t,c64,upstream,4,6912,1728,24,286654464,0.014212539,161.3530,1.0000,1.0000,
abcijk-ikma-mjbc,ccsd_t,c64,tblis,4,6912,1728,24,286654464,0.016030329,143.0561,1.0000,1.0000,
abcijk-ikmb-mjac,ccsd_t,f64,plan,4,3456,3456,24,286654464,0.004642907,123.4806,1.0000,0.6667,avx512.f64.real.24x8 24x8 BA 264x256x1536
abcijk-ikmb-mjac,ccsd_t,f64,packed,4,3456,3456,24,286654464,0.004623670,123.9943,1.0000,0.6667,avx512.f64.real.24x8 24x8 BA 264x256x1536
abcijk-ikmb-mjac,ccsd_t,f64,upstream,4,3456,3456,24,286654464,0.005026023,114.0681,1.0000,0.6667,
abcijk-ikmb-mjac,ccsd_t,f64,tblis,4,3456,3456,24,286654464,0.006492861,88.2984,1.0000,0.6667,
abcijk-ikmb-mjac,ccsd_t,c64,plan,4,3456,3456,24,286654464,0.013591064,168.7311,1.0000,1.0000,avx512.c64.planar.24x3 24x3 BA 144x256x768
abcijk-ikmb-mjac,ccsd_t,c64,packed,4,3456,3456,24,286654464,0.013622995,168.3356,1.0000,1.0000,avx512.c64.planar.24x3 24x3 BA 144x256x768
abcijk-ikmb-mjac,ccsd_t,c64,upstream,4,3456,3456,24,286654464,0.014019056,163.5799,1.0000,1.0000,
abcijk-ikmb-mjac,ccsd_t,c64,tblis,4,3456,3456,24,286654464,0.017932391,127.8823,1.0000,1.0000,
abcijk-ikmc-mjab,ccsd_t,f64,plan,4,3456,3456,24,286654464,0.004973963,115.2620,1.0000,0.6667,avx512.f64.real.24x8 24x8 BA 264x256x1536
abcijk-ikmc-mjab,ccsd_t,f64,packed,4,3456,3456,24,286654464,0.004961178,115.5590,1.0000,0.6667,avx512.f64.real.24x8 24x8 BA 264x256x1536
abcijk-ikmc-mjab,ccsd_t,f64,upstream,4,3456,3456,24,286654464,0.004871556,117.6850,1.0000,0.6667,
abcijk-ikmc-mjab,ccsd_t,f64,tblis,4,3456,3456,24,286654464,0.007337483,78.1343,1.0000,0.6667,
abcijk-ikmc-mjab,ccsd_t,c64,plan,4,3456,3456,24,286654464,0.013899966,164.9814,1.0000,1.0000,avx512.c64.planar.16x6 16x6 BA 128x256x768
abcijk-ikmc-mjab,ccsd_t,c64,packed,4,3456,3456,24,286654464,0.013916548,164.7848,1.0000,1.0000,avx512.c64.planar.16x6 16x6 BA 128x256x768
abcijk-ikmc-mjab,ccsd_t,c64,upstream,4,3456,3456,24,286654464,0.014289645,160.4823,1.0000,1.0000,
abcijk-ikmc-mjab,ccsd_t,c64,tblis,4,3456,3456,24,286654464,0.018503717,123.9338,1.0000,1.0000,
abcijk-jkma-mibc,ccsd_t,f64,plan,4,6912,1728,24,286654464,0.004303405,133.2222,1.0000,1.0000,avx512.f64.real.24x8 24x8 AB 264x256x1536
abcijk-jkma-mibc,ccsd_t,f64,packed,4,6912,1728,24,286654464,0.004226788,135.6370,1.0000,1.0000,avx512.f64.real.24x8 24x8 AB 264x256x1536
abcijk-jkma-mibc,ccsd_t,f64,upstream,4,6912,1728,24,286654464,0.004775501,120.0521,1.0000,1.0000,
abcijk-jkma-mibc,ccsd_t,f64,tblis,4,6912,1728,24,286654464,0.005109242,112.2102,1.0000,1.0000,
abcijk-jkma-mibc,ccsd_t,c64,plan,4,6912,1728,24,286654464,0.013968546,164.1714,1.0000,1.0000,avx512.c64.planar.24x3 24x3 AB 144x256x768
abcijk-jkma-mibc,ccsd_t,c64,packed,4,6912,1728,24,286654464,0.013836363,165.7398,1.0000,1.0000,avx512.c64.planar.24x3 24x3 AB 144x256x768
abcijk-jkma-mibc,ccsd_t,c64,upstream,4,6912,1728,24,286654464,0.014213468,161.3424,1.0000,1.0000,
abcijk-jkma-mibc,ccsd_t,c64,tblis,4,6912,1728,24,286654464,0.016080472,142.6100,1.0000,1.0000,
abcijk-jkmb-miac,ccsd_t,f64,plan,4,3456,3456,24,286654464,0.004689325,122.2583,1.0000,0.6667,avx512.f64.real.24x8 24x8 BA 264x256x1536
abcijk-jkmb-miac,ccsd_t,f64,packed,4,3456,3456,24,286654464,0.004650981,123.2662,1.0000,0.6667,avx512.f64.real.24x8 24x8 BA 264x256x1536
abcijk-jkmb-miac,ccsd_t,f64,upstream,4,3456,3456,24,286654464,0.005083352,112.7817,1.0000,0.6667,
abcijk-jkmb-miac,ccsd_t,f64,tblis,4,3456,3456,24,286654464,0.011874975,48.2787,1.0000,0.6667,
abcijk-jkmb-miac,ccsd_t,c64,plan,4,3456,3456,24,286654464,0.013757972,166.6841,1.0000,1.0000,avx512.c64.planar.24x3 24x3 BA 144x256x768
abcijk-jkmb-miac,ccsd_t,c64,packed,4,3456,3456,24,286654464,0.013649924,168.0036,1.0000,1.0000,avx512.c64.planar.24x3 24x3 BA 144x256x768
abcijk-jkmb-miac,ccsd_t,c64,upstream,4,3456,3456,24,286654464,0.014005025,163.7438,1.0000,1.0000,
abcijk-jkmb-miac,ccsd_t,c64,tblis,4,3456,3456,24,286654464,0.026742855,85.7513,1.0000,1.0000,
abcijk-jkmc-miab,ccsd_t,f64,plan,4,3456,3456,24,286654464,0.005162965,111.0426,1.0000,0.6667,avx512.f64.real.24x8 24x8 BA 264x256x1536
abcijk-jkmc-miab,ccsd_t,f64,packed,4,3456,3456,24,286654464,0.005171772,110.8535,1.0000,0.6667,avx512.f64.real.24x8 24x8 BA 264x256x1536
abcijk-jkmc-miab,ccsd_t,f64,upstream,4,3456,3456,24,286654464,0.004905290,116.8756,1.0000,0.6667,
abcijk-jkmc-miab,ccsd_t,f64,tblis,4,3456,3456,24,286654464,0.009197272,62.3347,1.0000,0.6667,
abcijk-jkmc-miab,ccsd_t,c64,plan,4,3456,3456,24,286654464,0.014130035,162.2951,1.0000,1.0000,avx512.c64.planar.16x6 16x6 BA 128x256x768
abcijk-jkmc-miab,ccsd_t,c64,packed,4,3456,3456,24,286654464,0.014125786,162.3439,1.0000,1.0000,avx512.c64.planar.16x6 16x6 BA 128x256x768
abcijk-jkmc-miab,ccsd_t,c64,upstream,4,3456,3456,24,286654464,0.014817214,154.7683,1.0000,1.0000,
abcijk-jkmc-miab,ccsd_t,c64,tblis,4,3456,3456,24,286654464,0.022536987,101.7543,1.0000,1.0000,
abcijk-eiab-jkec,ccsd_t,f64,plan,4,3456,3456,24,286654464,0.005331218,107.5381,1.0000,0.6667,avx512.f64.real.24x8 24x8 AB 264x256x1536
abcijk-eiab-jkec,ccsd_t,f64,packed,4,3456,3456,24,286654464,0.005198663,110.2801,1.0000,0.6667,avx512.f64.real.24x8 24x8 AB 264x256x1536
abcijk-eiab-jkec,ccsd_t,f64,upstream,4,3456,3456,24,286654464,0.004895891,117.1000,1.0000,0.6667,
abcijk-eiab-jkec,ccsd_t,f64,tblis,4,3456,3456,24,286654464,0.009466879,60.5594,1.0000,0.6667,
abcijk-eiab-jkec,ccsd_t,c64,plan,4,3456,3456,24,286654464,0.014156635,161.9902,1.0000,1.0000,avx512.c64.planar.16x6 16x6 AB 128x256x768
abcijk-eiab-jkec,ccsd_t,c64,packed,4,3456,3456,24,286654464,0.014137608,162.2082,1.0000,1.0000,avx512.c64.planar.16x6 16x6 AB 128x256x768
abcijk-eiab-jkec,ccsd_t,c64,upstream,4,3456,3456,24,286654464,0.014733693,155.6457,1.0000,1.0000,
abcijk-eiab-jkec,ccsd_t,c64,tblis,4,3456,3456,24,286654464,0.022631697,101.3285,1.0000,1.0000,
abcijk-eiac-jkeb,ccsd_t,f64,plan,4,3456,3456,24,286654464,0.005014468,114.3310,1.0000,0.6667,avx512.f64.real.24x8 24x8 AB 264x256x1536
abcijk-eiac-jkeb,ccsd_t,f64,packed,4,3456,3456,24,286654464,0.004607558,124.4279,1.0000,0.6667,avx512.f64.real.24x8 24x8 AB 264x256x1536
abcijk-eiac-jkeb,ccsd_t,f64,upstream,4,3456,3456,24,286654464,0.004961527,115.5509,1.0000,0.6667,
abcijk-eiac-jkeb,ccsd_t,f64,tblis,4,3456,3456,24,286654464,0.011701799,48.9932,1.0000,0.6667,
abcijk-eiac-jkeb,ccsd_t,c64,plan,4,3456,3456,24,286654464,0.013600495,168.6141,1.0000,1.0000,avx512.c64.planar.24x3 24x3 AB 144x256x768
abcijk-eiac-jkeb,ccsd_t,c64,packed,4,3456,3456,24,286654464,0.013569196,169.0031,1.0000,1.0000,avx512.c64.planar.24x3 24x3 AB 144x256x768
abcijk-eiac-jkeb,ccsd_t,c64,upstream,4,3456,3456,24,286654464,0.014032104,163.4278,1.0000,1.0000,
abcijk-eiac-jkeb,ccsd_t,c64,tblis,4,3456,3456,24,286654464,0.027048556,84.7822,1.0000,1.0000,
abcijk-eibc-jkea,ccsd_t,f64,plan,4,1728,6912,24,286654464,0.004351956,131.7359,1.0000,1.0000,avx512.f64.real.24x8 24x8 BA 264x256x1536
abcijk-eibc-jkea,ccsd_t,f64,packed,4,1728,6912,24,286654464,0.004282162,133.8831,1.0000,1.0000,avx512.f64.real.24x8 24x8 BA 264x256x1536
abcijk-eibc-jkea,ccsd_t,f64,upstream,4,1728,6912,24,286654464,0.004753908,120.5974,1.0000,1.0000,
abcijk-eibc-jkea,ccsd_t,f64,tblis,4,1728,6912,24,286654464,0.005143967,111.4527,1.0000,1.0000,
abcijk-eibc-jkea,ccsd_t,c64,plan,4,1728,6912,24,286654464,0.013918475,164.7620,1.0000,1.0000,avx512.c64.planar.24x3 24x3 BA 144x256x768
abcijk-eibc-jkea,ccsd_t,c64,packed,4,1728,6912,24,286654464,0.013882556,165.1883,1.0000,1.0000,avx512.c64.planar.24x3 24x3 BA 144x256x768
abcijk-eibc-jkea,ccsd_t,c64,upstream,4,1728,6912,24,286654464,0.014248419,160.9467,1.0000,1.0000,
abcijk-eibc-jkea,ccsd_t,c64,tblis,4,1728,6912,24,286654464,0.015944765,143.8237,1.0000,1.0000,
abcijk-ejab-ikec,ccsd_t,f64,plan,4,3456,3456,24,286654464,0.004989229,114.9093,1.0000,0.6667,avx512.f64.real.24x8 24x8 AB 264x256x1536
abcijk-ejab-ikec,ccsd_t,f64,packed,4,3456,3456,24,286654464,0.004997896,114.7101,1.0000,0.6667,avx512.f64.real.24x8 24x8 AB 264x256x1536
abcijk-ejab-ikec,ccsd_t,f64,upstream,4,3456,3456,24,286654464,0.004943262,115.9779,1.0000,0.6667,
abcijk-ejab-ikec,ccsd_t,f64,tblis,4,3456,3456,24,286654464,0.007119529,80.5262,1.0000,0.6667,
abcijk-ejab-ikec,ccsd_t,c64,plan,4,3456,3456,24,286654464,0.014023556,163.5274,1.0000,1.0000,avx512.c64.planar.16x6 16x6 AB 128x256x768
abcijk-ejab-ikec,ccsd_t,c64,packed,4,3456,3456,24,286654464,0.013916951,164.7800,1.0000,1.0000,avx512.c64.planar.16x6 16x6 AB 128x256x768
abcijk-ejab-ikec,ccsd_t,c64,upstream,4,3456,3456,24,286654464,0.014297151,160.3981,1.0000,1.0000,
abcijk-ejab-ikec,ccsd_t,c64,tblis,4,3456,3456,24,286654464,0.018408403,124.5755,1.0000,1.0000,
abcijk-ejac-ikeb,ccsd_t,f64,plan,4,3456,3456,24,286654464,0.004620170,124.0883,1.0000,0.6667,avx512.f64.real.24x8 24x8 AB 264x256x1536
abcijk-ejac-ikeb,ccsd_t,f64,packed,4,3456,3456,24,286654464,0.004633015,123.7442,1.0000,0.6667,avx512.f64.real.24x8 24x8 AB 264x256x1536
abcijk-ejac-ikeb,ccsd_t,f64,upstream,4,3456,3456,24,286654464,0.005043934,113.6631,1.0000,0.6667,
abcijk-ejac-ikeb,ccsd_t,f64,tblis,4,3456,3456,24,286654464,0.006569533,87.2678,1.0000,0.6667,
abcijk-ejac-ikeb,ccsd_t,c64,plan,4,3456,3456,24,286654464,0.013669294,167.7655,1.0000,1.0000,avx512.c64.planar.24x3 24x3 AB 144x256x768
abcijk-ejac-ikeb,ccsd_t,c64,packed,4,3456,3456,24,286654464,0.013667040,167.7932,1.0000,1.0000,avx512.c64.planar.24x3 24x3 AB 144x256x768
abcijk-ejac-ikeb,ccsd_t,c64,upstream,4,3456,3456,24,286654464,0.013959862,164.2735,1.0000,1.0000,
abcijk-ejac-ikeb,ccsd_t,c64,tblis,4,3456,3456,24,286654464,0.017997964,127.4164,1.0000,1.0000,
abcijk-ejbc-ikea,ccsd_t,f64,plan,4,1728,6912,24,286654464,0.004288302,133.6914,1.0000,1.0000,avx512.f64.real.24x8 24x8 BA 264x256x1536
abcijk-ejbc-ikea,ccsd_t,f64,packed,4,1728,6912,24,286654464,0.004314103,132.8918,1.0000,1.0000,avx512.f64.real.24x8 24x8 BA 264x256x1536
abcijk-ejbc-ikea,ccsd_t,f64,upstream,4,1728,6912,24,286654464,0.004793523,119.6007,1.0000,1.0000,
abcijk-ejbc-ikea,ccsd_t,f64,tblis,4,1728,6912,24,286654464,0.005260981,108.9738,1.0000,1.0000,
abcijk-ejbc-ikea,ccsd_t,c64,plan,4,1728,6912,24,286654464,0.013978446,164.0551,1.0000,1.0000,avx512.c64.planar.24x3 24x3 BA 144x256x768
abcijk-ejbc-ikea,ccsd_t,c64,packed,4,1728,6912,24,286654464,0.013876190,165.2641,1.0000,1.0000,avx512.c64.planar.24x3 24x3 BA 144x256x768
abcijk-ejbc-ikea,ccsd_t,c64,upstream,4,1728,6912,24,286654464,0.014239558,161.0468,1.0000,1.0000,
abcijk-ejbc-ikea,ccsd_t,c64,tblis,4,1728,6912,24,286654464,0.016072425,142.6814,1.0000,1.0000,
abcijk-ekab-ijec,ccsd_t,f64,plan,4,3456,3456,24,286654464,0.004925425,116.3979,1.0000,0.6667,avx512.f64.real.24x8 24x8 AB 264x256x1536
abcijk-ekab-ijec,ccsd_t,f64,packed,4,3456,3456,24,286654464,0.004968889,115.3797,1.0000,0.6667,avx512.f64.real.24x8 24x8 AB 264x256x1536
abcijk-ekab-ijec,ccsd_t,f64,upstream,4,3456,3456,24,286654464,0.004881411,117.4474,1.0000,0.6667,
abcijk-ekab-ijec,ccsd_t,f64,tblis,4,3456,3456,24,286654464,0.006800596,84.3027,1.0000,0.6667,
abcijk-ekab-ijec,ccsd_t,c64,plan,4,3456,3456,24,286654464,0.013873604,165.2949,1.0000,1.0000,avx512.c64.planar.16x6 16x6 AB 128x256x768
abcijk-ekab-ijec,ccsd_t,c64,packed,4,3456,3456,24,286654464,0.013900226,164.9783,1.0000,1.0000,avx512.c64.planar.16x6 16x6 AB 128x256x768
abcijk-ekab-ijec,ccsd_t,c64,upstream,4,3456,3456,24,286654464,0.014268893,160.7157,1.0000,1.0000,
abcijk-ekab-ijec,ccsd_t,c64,tblis,4,3456,3456,24,286654464,0.016398119,139.8475,1.0000,1.0000,
abcijk-ekac-ijeb,ccsd_t,f64,plan,4,3456,3456,24,286654464,0.004619358,124.1101,1.0000,0.6667,avx512.f64.real.24x8 24x8 AB 264x256x1536
abcijk-ekac-ijeb,ccsd_t,f64,packed,4,3456,3456,24,286654464,0.004638916,123.5868,1.0000,0.6667,avx512.f64.real.24x8 24x8 AB 264x256x1536
abcijk-ekac-ijeb,ccsd_t,f64,upstream,4,3456,3456,24,286654464,0.004970161,115.3502,1.0000,0.6667,
abcijk-ekac-ijeb,ccsd_t,f64,tblis,4,3456,3456,24,286654464,0.008676056,66.0794,1.0000,0.6667,
abcijk-ekac-ijeb,ccsd_t,c64,plan,4,3456,3456,24,286654464,0.013678829,167.6485,1.0000,1.0000,avx512.c64.planar.24x3 24x3 AB 144x256x768
abcijk-ekac-ijeb,ccsd_t,c64,packed,4,3456,3456,24,286654464,0.013619395,168.3801,1.0000,1.0000,avx512.c64.planar.24x3 24x3 AB 144x256x768
abcijk-ekac-ijeb,ccsd_t,c64,upstream,4,3456,3456,24,286654464,0.015091301,151.9575,1.0000,1.0000,
abcijk-ekac-ijeb,ccsd_t,c64,tblis,4,3456,3456,24,286654464,0.021262757,107.8522,1.0000,1.0000,
abcijk-ekbc-ijea,ccsd_t,f64,plan,4,1728,6912,24,286654464,0.004302258,133.2577,1.0000,1.0000,avx512.f64.real.24x8 24x8 BA 264x256x1536
abcijk-ekbc-ijea,ccsd_t,f64,packed,4,1728,6912,24,286654464,0.004329441,132.4210,1.0000,1.0000,avx512.f64.real.24x8 24x8 BA 264x256x1536
abcijk-ekbc-ijea,ccsd_t,f64,upstream,4,1728,6912,24,286654464,0.004778403,119.9792,1.0000,1.0000,
abcijk-ekbc-ijea,ccsd_t,f64,tblis,4,1728,6912,24,286654464,0.005239548,109.4195,1.0000,1.0000,
abcijk-ekbc-ijea,ccsd_t,c64,plan,4,1728,6912,24,286654464,0.013870075,165.3369,1.0000,1.0000,avx512.c64.planar.24x3 24x3 BA 144x256x768
abcijk-ekbc-ijea,ccsd_t,c64,packed,4,1728,6912,24,286654464,0.013905143,164.9200,1.0000,1.0000,avx512.c64.planar.24x3 24x3 BA 144x256x768
abcijk-ekbc-ijea,ccsd_t,c64,upstream,4,1728,6912,24,286654464,0.014230107,161.1538,1.0000,1.0000,
abcijk-ekbc-ijea,ccsd_t,c64,tblis,4,1728,6912,24,286654464,0.016011885,143.2208,1.0000,1.0000,
abc-bk-akc,transC,f64,plan,4,144,18432,128,339738624,0.004056907,167.4865,1.0000,1.0000,avx512.f64.real.24x8 24x8 BA 264x256x1536
abc-bk-akc,transC,f64,packed,4,144,18432,128,339738624,0.003952597,171.9065,1.0000,1.0000,avx512.f64.real.24x8 24x8 BA 264x256x1536
abc-bk-akc,transC,f64,upstream,4,144,18432,128,339738624,0.004112394,165.2267,1.0000,1.0000,
abc-bk-akc,transC,f64,tblis,4,144,18432,128,339738624,0.005411999,125.5501,1.0000,1.0000,
abc-bk-akc,transC,c64,plan,4,144,18432,128,339738624,0.014589956,186.2863,1.0000,1.0000,avx512.c64.planar.16x6 16x6 BA 128x256x768
abc-bk-akc,transC,c64,packed,4,144,18432,128,339738624,0.014545160,186.8600,1.0000,1.0000,avx512.c64.planar.16x6 16x6 BA 128x256x768
abc-bk-akc,transC,c64,upstream,4,144,18432,128,339738624,0.014735225,184.4498,1.0000,1.0000,
abc-bk-akc,transC,c64,tblis,4,144,18432,128,339738624,0.018621224,145.9576,1.0000,1.0000,
